{
  "users": {
    "1132276334": {
      "user_id": 1132276334,
      "username": "KorbenDl",
      "first_name": "Pavel",
      "favorites": [],
      "history": [
        {
          "command": "catfact",
          "content": "Miacis, the primitive ancestor of cats, was a small, tree-living creature of the late Eocene period, some 45 to 50 million years ago.",
          "timestamp": "2025-06-07T14:50:23.209026"
        },
        {
          "command": "prediction",
          "content": "👫 **Предсказание пола для Пол:**\n\nПредполагаемый пол: **Мужской**\nВероятность: 82.0%\nУверенность: 136 записей в базе",
          "timestamp": "2025-06-07T14:50:59.471228"
        }
      ],
      "created_at": "2025-06-07T14:50:22.789621",
      "request_count": 2
    }
  },
  "stats": {
    "total_users": 1,
    "total_requests": 2,
    "created_at": "2025-06-07T14:48:28.559165"
  }
}